{
    "installation_types": {
        "aire": "Aire",
        "canio": "Caño",
        "enterrado": "Enterrado"
    },
    "nominal_voltage": {
        "110": "110V",
        "230": "230V",
        "400": "400V"
    },
    "connection_type": {
        "trifasica": "Trifásica",
        "monofasica": "Monofásica"
    },
    "load_units": {
        "A": "Amperios (A)",
        "kW": "Kilovatios (KW)",
        "CV": "Caballos de Vapor (CV)",
        "HP": "Caballos de fuerza (HP)"
    },
    "conductor_type": {
        "cobre": "Cobre",
        "aluminio": "Aluminio"
    },
    "pole_count": {
        "1": "1 Polo",
        "2": "2 Polos",
        "3": "3 Polos",
        "4": "4 Polos",
        "5": "5 Polos"
    },
    "materials": {
        "cobre": {
            "resistivity": 0.0172,
            "conductivity": 58.1,
            "conductors": [
                {
                    "type": "CSF",
                    "num_conductors": 2,
                    "section": 0.75,
                    "max_current": {
                        "aire": 8.0,
                        "canio": 10.0,
                        "enterrado": null
                    }
                },
                {
                    "type": "CSF",
                    "num_conductors": 2,
                    "section": 1.0,
                    "max_current": {
                        "aire": 11.0,
                        "canio": 14.0,
                        "enterrado": null
                    }
                },
                {
                    "type": "CSF",
                    "num_conductors": 2,
                    "section": 1.5,
                    "max_current": {
                        "aire": 14.0,
                        "canio": 19.0,
                        "enterrado": null
                    }
                },
                {
                    "type": "CSF",
                    "num_conductors": 2,
                    "section": 2.0,
                    "max_current": {
                        "aire": 17.0,
                        "canio": 22.0,
                        "enterrado": null
                    }
                },
                {
                    "type": "CSF",
                    "num_conductors": 2,
                    "section": 2.5,
                    "max_current": {
                        "aire": 20.0,
                        "canio": 26.0,
                        "enterrado": null
                    }
                },
                {
                    "type": "CSF",
                    "num_conductors": 2,
                    "section": 4.0,
                    "max_current": {
                        "aire": 26.0,
                        "canio": 35.0,
                        "enterrado": null
                    }
                },
                {
                    "type": "CSF",
                    "num_conductors": 2,
                    "section": 6.0,
                    "max_current": {
                        "aire": 33.0,
                        "canio": 44.0,
                        "enterrado": null
                    }
                },
                {
                    "type": "CSF",
                    "num_conductors": 2,
                    "section": 10.0,
                    "max_current": {
                        "aire": 45.0,
                        "canio": 61.0,
                        "enterrado": null
                    }
                },
                {
                    "type": "CSF",
                    "num_conductors": 2,
                    "section": 16.0,
                    "max_current": {
                        "aire": 60.0,
                        "canio": 82.0,
                        "enterrado": null
                    }
                },
                {
                    "type": "CSF",
                    "num_conductors": 2,
                    "section": 25.0,
                    "max_current": {
                        "aire": 78.0,
                        "canio": 103.0,
                        "enterrado": null
                    }
                },
                {
                    "type": "CSF",
                    "num_conductors": 2,
                    "section": 35.0,
                    "max_current": {
                        "aire": 97.0,
                        "canio": 129.0,
                        "enterrado": null
                    }
                },
                {
                    "type": "CSF",
                    "num_conductors": 3,
                    "section": 1.0,
                    "max_current": {
                        "aire": 10.0,
                        "canio": 12.0,
                        "enterrado": null
                    }
                },
                {
                    "type": "CSF",
                    "num_conductors": 3,
                    "section": 1.5,
                    "max_current": {
                        "aire": 13.0,
                        "canio": 16.0,
                        "enterrado": null
                    }
                },
                {
                    "type": "CSF",
                    "num_conductors": 3,
                    "section": 2.0,
                    "max_current": {
                        "aire": 15.0,
                        "canio": 19.0,
                        "enterrado": null
                    }
                },
                {
                    "type": "CSF",
                    "num_conductors": 3,
                    "section": 2.5,
                    "max_current": {
                        "aire": 18.0,
                        "canio": 22.0,
                        "enterrado": null
                    }
                },
                {
                    "type": "CSF",
                    "num_conductors": 3,
                    "section": 4.0,
                    "max_current": {
                        "aire": 23.0,
                        "canio": 30.0,
                        "enterrado": null
                    }
                },
                {
                    "type": "CSF",
                    "num_conductors": 3,
                    "section": 6.0,
                    "max_current": {
                        "aire": 30.0,
                        "canio": 37.0,
                        "enterrado": null
                    }
                },
                {
                    "type": "CSF",
                    "num_conductors": 3,
                    "section": 10.0,
                    "max_current": {
                        "aire": 40.0,
                        "canio": 52.0,
                        "enterrado": null
                    }
                },
                {
                    "type": "CSF",
                    "num_conductors": 3,
                    "section": 16.0,
                    "max_current": {
                        "aire": 54.0,
                        "canio": 70.0,
                        "enterrado": null
                    }
                },
                {
                    "type": "CSF",
                    "num_conductors": 3,
                    "section": 25.0,
                    "max_current": {
                        "aire": 70.0,
                        "canio": 88.0,
                        "enterrado": null
                    }
                },
                {
                    "type": "CSF",
                    "num_conductors": 3,
                    "section": 35.0,
                    "max_current": {
                        "aire": 86.0,
                        "canio": 110.0,
                        "enterrado": null
                    }
                },
                {
                    "type": "CSF",
                    "num_conductors": 4,
                    "section": 1.0,
                    "max_current": {
                        "aire": 9.0,
                        "canio": 11.0,
                        "enterrado": null
                    }
                },
                {
                    "type": "CSF",
                    "num_conductors": 4,
                    "section": 1.5,
                    "max_current": {
                        "aire": 12.0,
                        "canio": 15.0,
                        "enterrado": null
                    }
                },
                {
                    "type": "CSF",
                    "num_conductors": 4,
                    "section": 2.0,
                    "max_current": {
                        "aire": 14.0,
                        "canio": 18.0,
                        "enterrado": null
                    }
                },
                {
                    "type": "CSF",
                    "num_conductors": 4,
                    "section": 2.5,
                    "max_current": {
                        "aire": 17.0,
                        "canio": 21.0,
                        "enterrado": null
                    }
                },
                {
                    "type": "CSF",
                    "num_conductors": 4,
                    "section": 4.0,
                    "max_current": {
                        "aire": 22.0,
                        "canio": 29.0,
                        "enterrado": null
                    }
                },
                {
                    "type": "CSF",
                    "num_conductors": 4,
                    "section": 6.0,
                    "max_current": {
                        "aire": 29.0,
                        "canio": 35.0,
                        "enterrado": null
                    }
                },
                {
                    "type": "CSF",
                    "num_conductors": 4,
                    "section": 10.0,
                    "max_current": {
                        "aire": 38.0,
                        "canio": 50.0,
                        "enterrado": null
                    }
                },
                {
                    "type": "CSF",
                    "num_conductors": 4,
                    "section": 16.0,
                    "max_current": {
                        "aire": 52.0,
                        "canio": 68.0,
                        "enterrado": null
                    }
                },
                {
                    "type": "CSF",
                    "num_conductors": 4,
                    "section": 25.0,
                    "max_current": {
                        "aire": 68.0,
                        "canio": 85.0,
                        "enterrado": null
                    }
                },
                {
                    "type": "CSF",
                    "num_conductors": 4,
                    "section": 35.0,
                    "max_current": {
                        "aire": 84.0,
                        "canio": 105.0,
                        "enterrado": null
                    }
                },
                {
                    "type": "CSF",
                    "num_conductors": 5,
                    "section": 1.0,
                    "max_current": {
                        "aire": 8.5,
                        "canio": 10.0,
                        "enterrado": null
                    }
                },
                {
                    "type": "CSF",
                    "num_conductors": 5,
                    "section": 1.5,
                    "max_current": {
                        "aire": 11.0,
                        "canio": 13.5,
                        "enterrado": null
                    }
                },
                {
                    "type": "CSF",
                    "num_conductors": 5,
                    "section": 2.0,
                    "max_current": {
                        "aire": 13.0,
                        "canio": 17.0,
                        "enterrado": null
                    }
                },
                {
                    "type": "CSF",
                    "num_conductors": 5,
                    "section": 2.5,
                    "max_current": {
                        "aire": 16.0,
                        "canio": 20.0,
                        "enterrado": null
                    }
                },
                {
                    "type": "CSF",
                    "num_conductors": 5,
                    "section": 4.0,
                    "max_current": {
                        "aire": 20.0,
                        "canio": 27.0,
                        "enterrado": null
                    }
                },
                {
                    "type": "CSF",
                    "num_conductors": 5,
                    "section": 6.0,
                    "max_current": {
                        "aire": 26.0,
                        "canio": 33.0,
                        "enterrado": null
                    }
                },
                {
                    "type": "CSF",
                    "num_conductors": 5,
                    "section": 10.0,
                    "max_current": {
                        "aire": 36.0,
                        "canio": 48.0,
                        "enterrado": null
                    }
                },
                {
                    "type": "CSF",
                    "num_conductors": 5,
                    "section": 16.0,
                    "max_current": {
                        "aire": 50.0,
                        "canio": 65.0,
                        "enterrado": null
                    }
                },
                {
                    "type": "CSF",
                    "num_conductors": 5,
                    "section": 25.0,
                    "max_current": {
                        "aire": 65.0,
                        "canio": 81.0,
                        "enterrado": null
                    }
                },
                {
                    "type": "CSF",
                    "num_conductors": 5,
                    "section": 35.0,
                    "max_current": {
                        "aire": 80.0,
                        "canio": 100.0,
                        "enterrado": null
                    }
                },
                {
                    "type": "CSU",
                    "num_conductors": 2,
                    "section": 0.5,
                    "max_current": {
                        "aire": null,
                        "canio": 5.0,
                        "enterrado": null
                    }
                },
                {
                    "type": "CSU",
                    "num_conductors": 2,
                    "section": 0.75,
                    "max_current": {
                        "aire": null,
                        "canio": 7.0,
                        "enterrado": null
                    }
                },
                {
                    "type": "CSU",
                    "num_conductors": 2,
                    "section": 1.0,
                    "max_current": {
                        "aire": null,
                        "canio": 10.0,
                        "enterrado": null
                    }
                },
                {
                    "type": "CSU",
                    "num_conductors": 2,
                    "section": 1.5,
                    "max_current": {
                        "aire": null,
                        "canio": 16.0,
                        "enterrado": null
                    }
                },
                {
                    "type": "CSU",
                    "num_conductors": 2,
                    "section": 2.0,
                    "max_current": {
                        "aire": null,
                        "canio": 20.0,
                        "enterrado": null
                    }
                },
                {
                    "type": "CSU",
                    "num_conductors": 2,
                    "section": 2.5,
                    "max_current": {
                        "aire": null,
                        "canio": 25.0,
                        "enterrado": null
                    }
                },
                {
                    "type": "CSU",
                    "num_conductors": 2,
                    "section": 4.0,
                    "max_current": {
                        "aire": null,
                        "canio": 34.0,
                        "enterrado": null
                    }
                },
                {
                    "type": "CSU",
                    "num_conductors": 2,
                    "section": 6.0,
                    "max_current": {
                        "aire": null,
                        "canio": 43.0,
                        "enterrado": null
                    }
                },
                {
                    "type": "CSU",
                    "num_conductors": 2,
                    "section": 10.0,
                    "max_current": {
                        "aire": null,
                        "canio": 60.0,
                        "enterrado": null
                    }
                },
                {
                    "type": "CSU",
                    "num_conductors": 3,
                    "section": 0.5,
                    "max_current": {
                        "aire": null,
                        "canio": 5.0,
                        "enterrado": null
                    }
                },
                {
                    "type": "CSU",
                    "num_conductors": 3,
                    "section": 0.75,
                    "max_current": {
                        "aire": null,
                        "canio": 7.0,
                        "enterrado": null
                    }
                },
                {
                    "type": "CSU",
                    "num_conductors": 3,
                    "section": 1.0,
                    "max_current": {
                        "aire": null,
                        "canio": 10.0,
                        "enterrado": null
                    }
                },
                {
                    "type": "CSU",
                    "num_conductors": 3,
                    "section": 1.5,
                    "max_current": {
                        "aire": null,
                        "canio": 16.0,
                        "enterrado": null
                    }
                },
                {
                    "type": "CSU",
                    "num_conductors": 3,
                    "section": 2.0,
                    "max_current": {
                        "aire": null,
                        "canio": 20.0,
                        "enterrado": null
                    }
                },
                {
                    "type": "CSU",
                    "num_conductors": 3,
                    "section": 2.5,
                    "max_current": {
                        "aire": null,
                        "canio": 22.0,
                        "enterrado": null
                    }
                },
                {
                    "type": "CSU",
                    "num_conductors": 3,
                    "section": 4.0,
                    "max_current": {
                        "aire": null,
                        "canio": 30.0,
                        "enterrado": null
                    }
                },
                {
                    "type": "CSU",
                    "num_conductors": 3,
                    "section": 6.0,
                    "max_current": {
                        "aire": null,
                        "canio": 37.0,
                        "enterrado": null
                    }
                },
                {
                    "type": "CSU",
                    "num_conductors": 3,
                    "section": 10.0,
                    "max_current": {
                        "aire": null,
                        "canio": 52.0,
                        "enterrado": null
                    }
                },
                {
                    "type": "CSU",
                    "num_conductors": 4,
                    "section": 0.5,
                    "max_current": {
                        "aire": null,
                        "canio": 5.0,
                        "enterrado": null
                    }
                },
                {
                    "type": "CSU",
                    "num_conductors": 4,
                    "section": 0.75,
                    "max_current": {
                        "aire": null,
                        "canio": 7.0,
                        "enterrado": null
                    }
                },
                {
                    "type": "CSU",
                    "num_conductors": 4,
                    "section": 1.0,
                    "max_current": {
                        "aire": null,
                        "canio": 9.0,
                        "enterrado": null
                    }
                },
                {
                    "type": "CSU",
                    "num_conductors": 4,
                    "section": 1.5,
                    "max_current": {
                        "aire": null,
                        "canio": 15.0,
                        "enterrado": null
                    }
                },
                {
                    "type": "CSU",
                    "num_conductors": 4,
                    "section": 2.0,
                    "max_current": {
                        "aire": null,
                        "canio": 18.0,
                        "enterrado": null
                    }
                },
                {
                    "type": "CSU",
                    "num_conductors": 4,
                    "section": 2.5,
                    "max_current": {
                        "aire": null,
                        "canio": 20.0,
                        "enterrado": null
                    }
                },
                {
                    "type": "CSU",
                    "num_conductors": 4,
                    "section": 4.0,
                    "max_current": {
                        "aire": null,
                        "canio": 30.0,
                        "enterrado": null
                    }
                },
                {
                    "type": "CSU",
                    "num_conductors": 4,
                    "section": 6.0,
                    "max_current": {
                        "aire": null,
                        "canio": 40.0,
                        "enterrado": null
                    }
                },
                {
                    "type": "CSU",
                    "num_conductors": 4,
                    "section": 10.0,
                    "max_current": {
                        "aire": null,
                        "canio": 50.0,
                        "enterrado": null
                    }
                },
                {
                    "type": "SOLFLEX",
                    "num_conductors": 1,
                    "section": 16.0,
                    "max_current": {
                        "aire": null,
                        "canio": 80.0,
                        "enterrado": null
                    }
                },
                {
                    "type": "SOLFLEX",
                    "num_conductors": 1,
                    "section": 25.0,
                    "max_current": {
                        "aire": null,
                        "canio": 110.0,
                        "enterrado": null
                    }
                },
                {
                    "type": "SOLFLEX",
                    "num_conductors": 1,
                    "section": 35.0,
                    "max_current": {
                        "aire": null,
                        "canio": 140.0,
                        "enterrado": null
                    }
                },
                {
                    "type": "SOLFLEX",
                    "num_conductors": 1,
                    "section": 50.0,
                    "max_current": {
                        "aire": null,
                        "canio": 160.0,
                        "enterrado": null
                    }
                },
                {
                    "type": "SOLFLEX",
                    "num_conductors": 1,
                    "section": 70.0,
                    "max_current": {
                        "aire": null,
                        "canio": 215.0,
                        "enterrado": null
                    }
                },
                {
                    "type": "SOLFLEX",
                    "num_conductors": 1,
                    "section": 95.0,
                    "max_current": {
                        "aire": null,
                        "canio": 260.0,
                        "enterrado": null
                    }
                },
                {
                    "type": "UFEX",
                    "num_conductors": 1,
                    "section": 0.5,
                    "max_current": {
                        "aire": 6.0,
                        "canio": 7.0,
                        "enterrado": null
                    }
                },
                {
                    "type": "UFEX",
                    "num_conductors": 1,
                    "section": 0.75,
                    "max_current": {
                        "aire": 8.0,
                        "canio": 10.0,
                        "enterrado": null
                    }
                },
                {
                    "type": "UFEX",
                    "num_conductors": 1,
                    "section": 1.0,
                    "max_current": {
                        "aire": 11.0,
                        "canio": 14.0,
                        "enterrado": null
                    }
                },
                {
                    "type": "UFEX",
                    "num_conductors": 1,
                    "section": 1.5,
                    "max_current": {
                        "aire": 15.0,
                        "canio": 18.0,
                        "enterrado": null
                    }
                },
                {
                    "type": "UFEX",
                    "num_conductors": 1,
                    "section": 2.0,
                    "max_current": {
                        "aire": 17.0,
                        "canio": 21.0,
                        "enterrado": null
                    }
                },
                {
                    "type": "UFEX",
                    "num_conductors": 1,
                    "section": 2.5,
                    "max_current": {
                        "aire": 19.5,
                        "canio": 25.0,
                        "enterrado": null
                    }
                },
                {
                    "type": "UFEX",
                    "num_conductors": 1,
                    "section": 4.0,
                    "max_current": {
                        "aire": 22.0,
                        "canio": 29.0,
                        "enterrado": null
                    }
                },
                {
                    "type": "UFEX",
                    "num_conductors": 1,
                    "section": 6.0,
                    "max_current": {
                        "aire": 26.0,
                        "canio": 33.0,
                        "enterrado": null
                    }
                },
                {
                    "type": "UFEX",
                    "num_conductors": 1,
                    "section": 10.0,
                    "max_current": {
                        "aire": 34.0,
                        "canio": 43.0,
                        "enterrado": null
                    }
                },
                {
                    "type": "UFEX",
                    "num_conductors": 1,
                    "section": 16.0,
                    "max_current": {
                        "aire": 46.0,
                        "canio": 60.0,
                        "enterrado": null
                    }
                },
                {
                    "type": "UFEX",
                    "num_conductors": 1,
                    "section": 25.0,
                    "max_current": {
                        "aire": 61.0,
                        "canio": 80.0,
                        "enterrado": null
                    }
                },
                {
                    "type": "UFEX",
                    "num_conductors": 1,
                    "section": 35.0,
                    "max_current": {
                        "aire": 80.0,
                        "canio": 105.0,
                        "enterrado": null
                    }
                },
                {
                    "type": "UFEX",
                    "num_conductors": 1,
                    "section": 50.0,
                    "max_current": {
                        "aire": 90.0,
                        "canio": 130.0,
                        "enterrado": null
                    }
                },
                {
                  "type": "SUBCU",
                  "num_conductors": 1,
                  "section": 1.5,
                  "max_current": {
                    "aire": null,
                    "canio": 27.0,
                    "enterrado": 30
                  }
                },
                {
                  "type": "SUBCU",
                  "num_conductors": 1,
                  "section": 2.5,
                  "max_current": {
                    "aire": null,
                    "canio": 36.0,
                    "enterrado": 36
                  }
                },
                {
                  "type": "SUBCU",
                  "num_conductors": 1,
                  "section": 4.0,
                  "max_current": {
                    "aire": null,
                    "canio": 55.0,
                    "enterrado": 55
                  }
                },
                {
                  "type": "SUBCU",
                  "num_conductors": 1,
                  "section": 6.0,
                  "max_current": {
                    "aire": null,
                    "canio": 70.0,
                    "enterrado": 70
                  }
                },
                {
                  "type": "SUBCU",
                  "num_conductors": 1,
                  "section": 10.0,
                  "max_current": {
                    "aire": null,
                    "canio": 95.0,
                    "enterrado": 95
                  }
                },
                {
                  "type": "SUBCU",
                  "num_conductors": 1,
                  "section": 16.0,
                  "max_current": {
                    "aire": null,
                    "canio": 126.0,
                    "enterrado": 126
                  }
                },
                {
                  "type": "SUBCU",
                  "num_conductors": 1,
                  "section": 25.0,
                  "max_current": {
                    "aire": null,
                    "canio": 170.0,
                    "enterrado": 170
                  }
                },
                {
                  "type": "SUBCU",
                  "num_conductors": 1,
                  "section": 35.0,
                  "max_current": {
                    "aire": null,
                    "canio": 210.0,
                    "enterrado": 210
                  }
                },
                {
                  "type": "SUBCU",
                  "num_conductors": 1,
                  "section": 50.0,
                  "max_current": {
                    "aire": null,
                    "canio": 260.0,
                    "enterrado": 260
                  }
                },
                {
                  "type": "SUBCU",
                  "num_conductors": 1,
                  "section": 70.0,
                  "max_current": {
                    "aire": null,
                    "canio": 330.0,
                    "enterrado": 330
                  }
                },
                {
                  "type": "SUBCU",
                  "num_conductors": 1,
                  "section": 95.0,
                  "max_current": {
                    "aire": null,
                    "canio": 405.0,
                    "enterrado": 405
                  }
                },
                {
                  "type": "SUBCU",
                  "num_conductors": 1,
                  "section": 120.0,
                  "max_current": {
                    "aire": null,
                    "canio": 470.0,
                    "enterrado": 470
                  }
                },
                {
                  "type": "SUBCU",
                  "num_conductors": 1,
                  "section": 150.0,
                  "max_current": {
                    "aire": null,
                    "canio": 540.0,
                    "enterrado": 540
                  }
                },
                {
                  "type": "SUBCU",
                  "num_conductors": 1,
                  "section": 185.0,
                  "max_current": {
                    "aire": null,
                    "canio": 620.0,
                    "enterrado": 620
                  }
                },
                {
                  "type": "SUBCU",
                  "num_conductors": 1,
                  "section": 240.0,
                  "max_current": {
                    "aire": null,
                    "canio": 730.0,
                    "enterrado": 730
                  }
                },
                {
                  "type": "SUBCU",
                  "num_conductors": 2,
                  "section": 1.5,
                  "max_current": {
                    "aire": null,
                    "canio": 23.0,
                    "enterrado": 23
                  }
                },
                {
                  "type": "SUBCU",
                  "num_conductors": 2,
                  "section": 2.5,
                  "max_current": {
                    "aire": null,
                    "canio": 33.0,
                    "enterrado": 33
                  }
                },
                {
                  "type": "SUBCU",
                  "num_conductors": 2,
                  "section": 4.0,
                  "max_current": {
                    "aire": null,
                    "canio": 40.0,
                    "enterrado": 40
                  }
                },
                {
                  "type": "SUBCU",
                  "num_conductors": 2,
                  "section": 6.0,
                  "max_current": {
                    "aire": null,
                    "canio": 55.0,
                    "enterrado": 55
                  }
                },
                {
                  "type": "SUBCU",
                  "num_conductors": 2,
                  "section": 10.0,
                  "max_current": {
                    "aire": null,
                    "canio": 70.0,
                    "enterrado": 70
                  }
                },
                {
                  "type": "SUBCU",
                  "num_conductors": 2,
                  "section": 16.0,
                  "max_current": {
                    "aire": null,
                    "canio": 95.0,
                    "enterrado": 95
                  }
                },
                {
                  "type": "SUBCU",
                  "num_conductors": 2,
                  "section": 25.0,
                  "max_current": {
                    "aire": null,
                    "canio": 130.0,
                    "enterrado": 130
                  }
                },
                {
                  "type": "SUBCU",
                  "num_conductors": 2,
                  "section": 35.0,
                  "max_current": {
                    "aire": null,
                    "canio": 150.0,
                    "enterrado": 150
                  }
                },
                {
                  "type": "SUBCU",
                  "num_conductors": 2,
                  "section": 50.0,
                  "max_current": {
                    "aire": null,
                    "canio": 160.0,
                    "enterrado": 160
                  }
                },
                {
                  "type": "SUBCU",
                  "num_conductors": 3,
                  "section": 1.5,
                  "max_current": {
                    "aire": null,
                    "canio": 20.0,
                    "enterrado": 28
                  }
                },
                {
                  "type": "SUBCU",
                  "num_conductors": 3,
                  "section": 2.5,
                  "max_current": {
                    "aire": null,
                    "canio": 29.0,
                    "enterrado": 29
                  }
                },
                {
                  "type": "SUBCU",
                  "num_conductors": 3,
                  "section": 4.0,
                  "max_current": {
                    "aire": null,
                    "canio": 35.0,
                    "enterrado": 35
                  }
                },
                {
                  "type": "SUBCU",
                  "num_conductors": 3,
                  "section": 6.0,
                  "max_current": {
                    "aire": null,
                    "canio": 48.0,
                    "enterrado": 48
                  }
                },
                {
                  "type": "SUBCU",
                  "num_conductors": 3,
                  "section": 10.0,
                  "max_current": {
                    "aire": null,
                    "canio": 66.0,
                    "enterrado": 66
                  }
                },
                {
                  "type": "SUBCU",
                  "num_conductors": 3,
                  "section": 16.0,
                  "max_current": {
                    "aire": null,
                    "canio": 90.0,
                    "enterrado": 90
                  }
                },
                {
                  "type": "SUBCU",
                  "num_conductors": 3,
                  "section": 25.0,
                  "max_current": {
                    "aire": null,
                    "canio": 105.0,
                    "enterrado": 105
                  }
                },
                {
                  "type": "SUBCU",
                  "num_conductors": 3,
                  "section": 35.0,
                  "max_current": {
                    "aire": null,
                    "canio": 129.0,
                    "enterrado": 129
                  }
                },
                {
                  "type": "SUBCU",
                  "num_conductors": 3,
                  "section": 50.0,
                  "max_current": {
                    "aire": null,
                    "canio": 160.0,
                    "enterrado": 160
                  }
                },
                {
                  "type": "SUBCU",
                  "num_conductors": 4,
                  "section": 1.5,
                  "max_current": {
                    "aire": null,
                    "canio": 20.0,
                    "enterrado": 28
                  }
                },
                {
                  "type": "SUBCU",
                  "num_conductors": 4,
                  "section": 2.5,
                  "max_current": {
                    "aire": null,
                    "canio": 29.0,
                    "enterrado": 29
                  }
                },
                {
                  "type": "SUBCU",
                  "num_conductors": 4,
                  "section": 4.0,
                  "max_current": {
                    "aire": null,
                    "canio": 35.0,
                    "enterrado": 35
                  }
                },
                {
                  "type": "SUBCU",
                  "num_conductors": 4,
                  "section": 6.0,
                  "max_current": {
                    "aire": null,
                    "canio": 48.0,
                    "enterrado": 48
                  }
                },
                {
                  "type": "SUBCU",
                  "num_conductors": 4,
                  "section": 10.0,
                  "max_current": {
                    "aire": null,
                    "canio": 67.0,
                    "enterrado": 67
                  }
                },
                {
                  "type": "SUBCU",
                  "num_conductors": 4,
                  "section": 16.0,
                  "max_current": {
                    "aire": null,
                    "canio": 90.0,
                    "enterrado": 90
                  }
                },
                {
                  "type": "SUBCU",
                  "num_conductors": 4,
                  "section": 25.0,
                  "max_current": {
                    "aire": null,
                    "canio": 100.0,
                    "enterrado": 100
                  }
                },
                {
                  "type": "SUBCU",
                  "num_conductors": 4,
                  "section": 35.0,
                  "max_current": {
                    "aire": null,
                    "canio": 130.0,
                    "enterrado": 130
                  }
                },
                {
                  "type": "SUBCU",
                  "num_conductors": 4,
                  "section": 50.0,
                  "max_current": {
                    "aire": null,
                    "canio": 160.0,
                    "enterrado": 160
                  }
                },
                {
                  "type": "SUBCU",
                  "num_conductors": 5,
                  "section": 1.5,
                  "max_current": {
                    "aire": null,
                    "canio": 20.0,
                    "enterrado": 28
                  }
                },
                {
                  "type": "SUBCU",
                  "num_conductors": 5,
                  "section": 2.5,
                  "max_current": {
                    "aire": null,
                    "canio": 29.0,
                    "enterrado": 29
                  }
                },
                {
                  "type": "SUBCU",
                  "num_conductors": 5,
                  "section": 4.0,
                  "max_current": {
                    "aire": null,
                    "canio": 35.0,
                    "enterrado": 35
                  }
                },
                {
                  "type": "SUBCU",
                  "num_conductors": 5,
                  "section": 6.0,
                  "max_current": {
                    "aire": null,
                    "canio": 48.0,
                    "enterrado": 48
                  }
                },
                {
                  "type": "SUBCU",
                  "num_conductors": 5,
                  "section": 10.0,
                  "max_current": {
                    "aire": null,
                    "canio": 67.0,
                    "enterrado": 67
                  }
                },
                {
                  "type": "SUBCU",
                  "num_conductors": 5,
                  "section": 16.0,
                  "max_current": {
                    "aire": null,
                    "canio": 90.0,
                    "enterrado": 90
                  }
                },
                {
                  "type": "SUBCU",
                  "num_conductors": 5,
                  "section": 25.0,
                  "max_current": {
                    "aire": null,
                    "canio": 100.0,
                    "enterrado": 100
                  }
                },
                {
                  "type": "SUBCU",
                  "num_conductors": 5,
                  "section": 35.0,
                  "max_current": {
                    "aire": null,
                    "canio": 130.0,
                    "enterrado": 130
                  }
                },
                {
                    "type": "PRECU",
                    "num_conductors": 2,
                    "section": 4.0,
                    "max_current": {
                        "aire": null,
                        "canio": 42.0,
                        "enterrado": null
                    }
                },
                {
                    "type": "PRECU",
                    "num_conductors": 2,
                    "section": 6.0,
                    "max_current": {
                        "aire": null,
                        "canio": 52.0,
                        "enterrado": null
                    }
                },
                {
                    "type": "PRECU",
                    "num_conductors": 2,
                    "section": 10.0,
                    "max_current": {
                        "aire": null,
                        "canio": 72.0,
                        "enterrado": null
                    }
                },
                {
                    "type": "PRECU",
                    "num_conductors": 2,
                    "section": 16.0,
                    "max_current": {
                        "aire": null,
                        "canio": 95.0,
                        "enterrado": null
                    }
                },
                {
                    "type": "PRECU",
                    "num_conductors": 4,
                    "section": 4.0,
                    "max_current": {
                        "aire": null,
                        "canio": 42.0,
                        "enterrado": null
                    }
                },
                {
                    "type": "PRECU",
                    "num_conductors": 4,
                    "section": 6.0,
                    "max_current": {
                        "aire": null,
                        "canio": 52.0,
                        "enterrado": null
                    }
                },
                {
                    "type": "PRECU",
                    "num_conductors": 4,
                    "section": 10.0,
                    "max_current": {
                        "aire": null,
                        "canio": 72.0,
                        "enterrado": null
                    }
                },
                {
                    "type": "PRECU",
                    "num_conductors": 4,
                    "section": 16.0,
                    "max_current": {
                        "aire": null,
                        "canio": 95.0,
                        "enterrado": null
                    }
                },
                {
                    "type": "PRECU UTE",
                    "num_conductors": 2,
                    "section": 6.0,
                    "max_current": {
                        "aire": null,
                        "canio": 52.0,
                        "enterrado": null
                    }
                },
                {
                    "type": "PRECU UTE",
                    "num_conductors": 2,
                    "section": 10.0,
                    "max_current": {
                        "aire": null,
                        "canio": 72.0,
                        "enterrado": null
                    }
                },
                {
                    "type": "PRECU UTE",
                    "num_conductors": 4,
                    "section": 6.0,
                    "max_current": {
                        "aire": null,
                        "canio": 52.0,
                        "enterrado": null
                    }
                },
                {
                    "type": "PRECU UTE",
                    "num_conductors": 4,
                    "section": 16.0,
                    "max_current": {
                        "aire": null,
                        "canio": 95.0,
                        "enterrado": null
                    }
                }
            ]
        },
        "aluminio": {
            "resistivity": 0.02826,
            "conductivity": 35.4,
            "conductors": [
                {
                    "type": "ALUX",
                    "num_conductors": 1,
                    "section": 10.0,
                    "max_current": {
                        "aire": 55.0,
                        "canio": 75.0,
                        "enterrado": null
                    }
                },
                {
                    "type": "ALUX",
                    "num_conductors": 1,
                    "section": 16.0,
                    "max_current": {
                        "aire": 73.0,
                        "canio": 97.0,
                        "enterrado": null
                    }
                },
                {
                    "type": "ALUX",
                    "num_conductors": 1,
                    "section": 25.0,
                    "max_current": {
                        "aire": 100.0,
                        "canio": 125.0,
                        "enterrado": null
                    }
                },
                {
                    "type": "ALUX",
                    "num_conductors": 1,
                    "section": 35.0,
                    "max_current": {
                        "aire": 125.0,
                        "canio": 150.0,
                        "enterrado": null
                    }
                },
                {
                    "type": "ALUX",
                    "num_conductors": 1,
                    "section": 50.0,
                    "max_current": {
                        "aire": 150.0,
                        "canio": 180.0,
                        "enterrado": null
                    }
                },
                {
                    "type": "ALUX",
                    "num_conductors": 1,
                    "section": 70.0,
                    "max_current": {
                        "aire": 195.0,
                        "canio": 220.0,
                        "enterrado": null
                    }
                },
                {
                    "type": "ALUX",
                    "num_conductors": 1,
                    "section": 95.0,
                    "max_current": {
                        "aire": 240.0,
                        "canio": 260.0,
                        "enterrado": null
                    }
                },
                {
                    "type": "ALUX",
                    "num_conductors": 1,
                    "section": 120.0,
                    "max_current": {
                        "aire": 280.0,
                        "canio": 300.0,
                        "enterrado": null
                    }
                },
                {
                    "type": "ALUX",
                    "num_conductors": 1,
                    "section": 150.0,
                    "max_current": {
                        "aire": 330.0,
                        "canio": 330.0,
                        "enterrado": null
                    }
                },
                {
                    "type": "ALUX",
                    "num_conductors": 1,
                    "section": 185.0,
                    "max_current": {
                        "aire": 380.0,
                        "canio": 375.0,
                        "enterrado": null
                    }
                },
                {
                    "type": "ALUX",
                    "num_conductors": 1,
                    "section": 240.0,
                    "max_current": {
                        "aire": 460.0,
                        "canio": 430.0,
                        "enterrado": null
                    }
                },
                {
                    "type": "PREAL",
                    "num_conductors": 2,
                    "section": 16.0,
                    "max_current": {
                        "aire": null,
                        "canio": 85.0,
                        "enterrado": null
                    }
                },
                {
                    "type": "PREAL",
                    "num_conductors": 3,
                    "section": 25.0,
                    "max_current": {
                        "aire": null,
                        "canio": 115.0,
                        "enterrado": null
                    }
                },
                {
                    "type": "PREAL",
                    "num_conductors": 3,
                    "section": 35.0,
                    "max_current": {
                        "aire": null,
                        "canio": 141.0,
                        "enterrado": null
                    }
                },
                {
                    "type": "PREAL",
                    "num_conductors": 3,
                    "section": 16.0,
                    "max_current": {
                        "aire": null,
                        "canio": 62.0,
                        "enterrado": null
                    }
                },
                {
                    "type": "PREAL",
                    "num_conductors": 3,
                    "section": 25.0,
                    "max_current": {
                        "aire": null,
                        "canio": 82.0,
                        "enterrado": null
                    }
                },
                {
                    "type": "PREAL",
                    "num_conductors": 3,
                    "section": 35.0,
                    "max_current": {
                        "aire": null,
                        "canio": 103.0,
                        "enterrado": null
                    }
                },
                {
                    "type": "PREAL",
                    "num_conductors": 3,
                    "section": 50.0,
                    "max_current": {
                        "aire": null,
                        "canio": 124.0,
                        "enterrado": null
                    }
                },
                {
                    "type": "PREAL",
                    "num_conductors": 3,
                    "section": 70.0,
                    "max_current": {
                        "aire": null,
                        "canio": 160.0,
                        "enterrado": null
                    }
                },
                {
                    "type": "PREAL",
                    "num_conductors": 3,
                    "section": 95.0,
                    "max_current": {
                        "aire": null,
                        "canio": 202.0,
                        "enterrado": null
                    }
                },
                {
                    "type": "PREAL",
                    "num_conductors": 3,
                    "section": 120.0,
                    "max_current": {
                        "aire": null,
                        "canio": 230.0,
                        "enterrado": null
                    }
                },
                {
                    "type": "PREAL",
                    "num_conductors": 3,
                    "section": 150.0,
                    "max_current": {
                        "aire": null,
                        "canio": 270.0,
                        "enterrado": null
                    }
                },
                {
                    "type": "PREAL",
                    "num_conductors": 3,
                    "section": 185.0,
                    "max_current": {
                        "aire": null,
                        "canio": 311.0,
                        "enterrado": null
                    }
                },
                {
                    "type": "PREAL",
                    "num_conductors": 3,
                    "section": 185.0,
                    "max_current": {
                        "aire": null,
                        "canio": 311.0,
                        "enterrado": null
                    }
                },
                {
                    "type": "PREAL",
                    "num_conductors": 3,
                    "section": 240.0,
                    "max_current": {
                        "aire": null,
                        "canio": 390.0,
                        "enterrado": null
                    }
                },
                {
                    "type": "PREAL",
                    "num_conductors": 3,
                    "section": 240.0,
                    "max_current": {
                        "aire": null,
                        "canio": 390.0,
                        "enterrado": null
                    }
                },
                {
                    "type": "PREAL",
                    "num_conductors": 3,
                    "section": 25.0,
                    "max_current": {
                        "aire": null,
                        "canio": 82.0,
                        "enterrado": null
                    }
                },
                {
                    "type": "PREAL",
                    "num_conductors": 3,
                    "section": 35.0,
                    "max_current": {
                        "aire": null,
                        "canio": 103.0,
                        "enterrado": null
                    }
                },
                {
                    "type": "PREAL",
                    "num_conductors": 3,
                    "section": 50.0,
                    "max_current": {
                        "aire": null,
                        "canio": 124.0,
                        "enterrado": null
                    }
                },
                {
                    "type": "PREAL",
                    "num_conductors": 3,
                    "section": 70.0,
                    "max_current": {
                        "aire": null,
                        "canio": 160.0,
                        "enterrado": null
                    }
                },
                {
                    "type": "PREAL",
                    "num_conductors": 3,
                    "section": 95.0,
                    "max_current": {
                        "aire": null,
                        "canio": 202.0,
                        "enterrado": null
                    }
                },
                {
                    "type": "PREAL",
                    "num_conductors": 3,
                    "section": 120.0,
                    "max_current": {
                        "aire": null,
                        "canio": 230.0,
                        "enterrado": null
                    }
                },
                {
                    "type": "PREAL",
                    "num_conductors": 3,
                    "section": 150.0,
                    "max_current": {
                        "aire": null,
                        "canio": 270.0,
                        "enterrado": null
                    }
                },
                {
                    "type": "PREAL",
                    "num_conductors": 3,
                    "section": 185.0,
                    "max_current": {
                        "aire": null,
                        "canio": 311.0,
                        "enterrado": null
                    }
                },
                {
                    "type": "PREAL",
                    "num_conductors": 3,
                    "section": 185.0,
                    "max_current": {
                        "aire": null,
                        "canio": 311.0,
                        "enterrado": null
                    }
                },
                {
                    "type": "PREAL",
                    "num_conductors": 3,
                    "section": 240.0,
                    "max_current": {
                        "aire": null,
                        "canio": 390.0,
                        "enterrado": null
                    }
                },
                {
                    "type": "PREAL",
                    "num_conductors": 3,
                    "section": 240.0,
                    "max_current": {
                        "aire": null,
                        "canio": 390.0,
                        "enterrado": null
                    }
                },
                {
                    "type": "PREAL",
                    "num_conductors": 3,
                    "section": 25.0,
                    "max_current": {
                        "aire": null,
                        "canio": 82.0,
                        "enterrado": null
                    }
                },
                {
                    "type": "PREAL",
                    "num_conductors": 3,
                    "section": 35.0,
                    "max_current": {
                        "aire": null,
                        "canio": 103.0,
                        "enterrado": null
                    }
                },
                {
                    "type": "PREAL",
                    "num_conductors": 3,
                    "section": 50.0,
                    "max_current": {
                        "aire": null,
                        "canio": 124.0,
                        "enterrado": null
                    }
                },
                {
                    "type": "PREAL",
                    "num_conductors": 3,
                    "section": 70.0,
                    "max_current": {
                        "aire": null,
                        "canio": 160.0,
                        "enterrado": null
                    }
                },
                {
                    "type": "PREAL",
                    "num_conductors": 3,
                    "section": 95.0,
                    "max_current": {
                        "aire": null,
                        "canio": 202.0,
                        "enterrado": null
                    }
                },
                {
                    "type": "PREAL",
                    "num_conductors": 3,
                    "section": 120.0,
                    "max_current": {
                        "aire": null,
                        "canio": 230.0,
                        "enterrado": null
                    }
                },
                {
                    "type": "PREAL",
                    "num_conductors": 3,
                    "section": 150.0,
                    "max_current": {
                        "aire": null,
                        "canio": 270.0,
                        "enterrado": null
                    }
                },
                {
                    "type": "PREAL",
                    "num_conductors": 3,
                    "section": 185.0,
                    "max_current": {
                        "aire": null,
                        "canio": 311.0,
                        "enterrado": null
                    }
                },
                {
                    "type": "PREAL",
                    "num_conductors": 3,
                    "section": 185.0,
                    "max_current": {
                        "aire": null,
                        "canio": 311.0,
                        "enterrado": null
                    }
                },
                {
                    "type": "PREAL",
                    "num_conductors": 3,
                    "section": 240.0,
                    "max_current": {
                        "aire": null,
                        "canio": 390.0,
                        "enterrado": null
                    }
                },
                {
                    "type": "PREAL",
                    "num_conductors": 3,
                    "section": 240.0,
                    "max_current": {
                        "aire": null,
                        "canio": 390.0,
                        "enterrado": null
                    }
                }
            ]
        }
    }
}